question,answer,tags
What is the best processor for video editing?,Intel i7/i9 or AMD Ryzen 7/9 series are recommended for video editing.,"processor,video editing"
How much RAM do I need for gaming?,At least 16GB RAM is recommended for modern gaming.,"ram,gaming"
Can I use a gaming laptop for office work?,"Yes, gaming laptops are powerful enough for both gaming and productivity tasks.","laptop,gaming,office"
How often should I clean my desktop PC?,Every 3-6 months depending on dust levels in your environment.,"desktop,maintenance,cleaning"
What is an IPS display?,IPS (In-Plane Switching) provides better color accuracy and viewing angles compared to TN panels.,"display,monitor,ips"
How much RAM do I need for gaming?,At least 16GB RAM is recommended for modern gaming.,"ram,gaming"
What is the difference between SSD and HDD?,"SSD uses flash storage and is faster, while HDD uses spinning disks and is cheaper.","storage,ssd,hdd"
What is an IPS display?,IPS (In-Plane Switching) provides better color accuracy and viewing angles compared to TN panels.,"display,monitor,ips"
How often should I clean my desktop PC?,Every 3-6 months depending on dust levels in your environment.,"desktop,maintenance,cleaning"
What is the difference between SSD and HDD?,"SSD uses flash storage and is faster, while HDD uses spinning disks and is cheaper.","storage,ssd,hdd"
What is the difference between SSD and HDD?,"SSD uses flash storage and is faster, while HDD uses spinning disks and is cheaper.","storage,ssd,hdd"
What is the difference between SSD and HDD?,"SSD uses flash storage and is faster, while HDD uses spinning disks and is cheaper.","storage,ssd,hdd"
How often should I clean my desktop PC?,Every 3-6 months depending on dust levels in your environment.,"desktop,maintenance,cleaning"
Can I upgrade the RAM in my laptop?,"Yes, most laptops allow RAM upgrades, but some ultrabooks have soldered memory.","ram,laptop,upgrade"
What is the best processor for video editing?,Intel i7/i9 or AMD Ryzen 7/9 series are recommended for video editing.,"processor,video editing"
Can I use a gaming laptop for office work?,"Yes, gaming laptops are powerful enough for both gaming and productivity tasks.","laptop,gaming,office"
What is the best processor for video editing?,Intel i7/i9 or AMD Ryzen 7/9 series are recommended for video editing.,"processor,video editing"
What is VRR in monitors?,VRR (Variable Refresh Rate) helps eliminate screen tearing in gaming.,"monitor,vrr,gaming"
Can I use a gaming laptop for office work?,"Yes, gaming laptops are powerful enough for both gaming and productivity tasks.","laptop,gaming,office"
What is the difference between SSD and HDD?,"SSD uses flash storage and is faster, while HDD uses spinning disks and is cheaper.","storage,ssd,hdd"
Is Windows 11 better than Windows 10?,"Windows 11 offers a modern interface and better gaming features, but compatibility may vary.","os,windows"
What is an IPS display?,IPS (In-Plane Switching) provides better color accuracy and viewing angles compared to TN panels.,"display,monitor,ips"
Can I use a gaming laptop for office work?,"Yes, gaming laptops are powerful enough for both gaming and productivity tasks.","laptop,gaming,office"
Can I upgrade the RAM in my laptop?,"Yes, most laptops allow RAM upgrades, but some ultrabooks have soldered memory.","ram,laptop,upgrade"
What is the difference between SSD and HDD?,"SSD uses flash storage and is faster, while HDD uses spinning disks and is cheaper.","storage,ssd,hdd"
What is the difference between SSD and HDD?,"SSD uses flash storage and is faster, while HDD uses spinning disks and is cheaper.","storage,ssd,hdd"
Can I use a gaming laptop for office work?,"Yes, gaming laptops are powerful enough for both gaming and productivity tasks.","laptop,gaming,office"
What is the best processor for video editing?,Intel i7/i9 or AMD Ryzen 7/9 series are recommended for video editing.,"processor,video editing"
Can I use a gaming laptop for office work?,"Yes, gaming laptops are powerful enough for both gaming and productivity tasks.","laptop,gaming,office"
Do monitors with higher refresh rates consume more power?,"Slightly more, but the difference is minimal compared to other components.","monitor,refresh rate,power"
Can I upgrade the RAM in my laptop?,"Yes, most laptops allow RAM upgrades, but some ultrabooks have soldered memory.","ram,laptop,upgrade"
What is an IPS display?,IPS (In-Plane Switching) provides better color accuracy and viewing angles compared to TN panels.,"display,monitor,ips"
What is an IPS display?,IPS (In-Plane Switching) provides better color accuracy and viewing angles compared to TN panels.,"display,monitor,ips"
What is the best processor for video editing?,Intel i7/i9 or AMD Ryzen 7/9 series are recommended for video editing.,"processor,video editing"
How often should I clean my desktop PC?,Every 3-6 months depending on dust levels in your environment.,"desktop,maintenance,cleaning"
Is Windows 11 better than Windows 10?,"Windows 11 offers a modern interface and better gaming features, but compatibility may vary.","os,windows"
What is an IPS display?,IPS (In-Plane Switching) provides better color accuracy and viewing angles compared to TN panels.,"display,monitor,ips"
Can I upgrade the RAM in my laptop?,"Yes, most laptops allow RAM upgrades, but some ultrabooks have soldered memory.","ram,laptop,upgrade"
What is VRR in monitors?,VRR (Variable Refresh Rate) helps eliminate screen tearing in gaming.,"monitor,vrr,gaming"
What is VRR in monitors?,VRR (Variable Refresh Rate) helps eliminate screen tearing in gaming.,"monitor,vrr,gaming"
What is VRR in monitors?,VRR (Variable Refresh Rate) helps eliminate screen tearing in gaming.,"monitor,vrr,gaming"
Do monitors with higher refresh rates consume more power?,"Slightly more, but the difference is minimal compared to other components.","monitor,refresh rate,power"
What is an IPS display?,IPS (In-Plane Switching) provides better color accuracy and viewing angles compared to TN panels.,"display,monitor,ips"
How much RAM do I need for gaming?,At least 16GB RAM is recommended for modern gaming.,"ram,gaming"
Do monitors with higher refresh rates consume more power?,"Slightly more, but the difference is minimal compared to other components.","monitor,refresh rate,power"
Can I use a gaming laptop for office work?,"Yes, gaming laptops are powerful enough for both gaming and productivity tasks.","laptop,gaming,office"
Can I upgrade the RAM in my laptop?,"Yes, most laptops allow RAM upgrades, but some ultrabooks have soldered memory.","ram,laptop,upgrade"
What is an IPS display?,IPS (In-Plane Switching) provides better color accuracy and viewing angles compared to TN panels.,"display,monitor,ips"
Can I use a gaming laptop for office work?,"Yes, gaming laptops are powerful enough for both gaming and productivity tasks.","laptop,gaming,office"
Can I upgrade the RAM in my laptop?,"Yes, most laptops allow RAM upgrades, but some ultrabooks have soldered memory.","ram,laptop,upgrade"
