product_id,name,category,price,short_description,specs_json
P1001,Keyboard Model 1001,Keyboard,119760.55,High quality keyboard suitable for work and entertainment.,"{'type': 'Membrane', 'backlight': 'White LED'}"
P1002,Headset Model 1002,Headset,37062.5,High quality headset suitable for work and entertainment.,"{'type': 'Over-ear', 'mic': 'Yes', 'connectivity': 'Wireless', 'surround': 'Stereo'}"
P1003,Motherboard Model 1003,Motherboard,10685.6,High quality motherboard suitable for work and entertainment.,"{'chipset': 'X570', 'socket': 'AM4', 'form_factor': 'ATX'}"
P1004,Mouse Model 1004,Mouse,34038.52,High quality mouse suitable for work and entertainment.,"{'dpi': '16000', 'buttons': '6', 'type': 'Wired'}"
P1005,Graphics Card Model 1005,Graphics Card,85177.07,High quality graphics card suitable for work and entertainment.,"{'gpu': 'NVIDIA RTX 4070', 'vram': '12GB GDDR6X'}"
P1006,Desktop Model 1006,Desktop,29448.82,High quality desktop suitable for work and entertainment.,"{'processor': 'Intel i9 12th Gen', 'ram': '32GB', 'storage': '2TB SSD', 'gpu': 'NVIDIA RTX 4080'}"
P1007,Motherboard Model 1007,Motherboard,34149.52,High quality motherboard suitable for work and entertainment.,"{'chipset': 'X570', 'socket': 'AM4', 'form_factor': 'ATX'}"
P1008,Mouse Model 1008,Mouse,42097.24,High quality mouse suitable for work and entertainment.,"{'dpi': '8000', 'buttons': '7', 'type': 'Wireless'}"
P1009,External HDD Model 1009,External HDD,62905.81,High quality external hdd suitable for work and entertainment.,"{'capacity': '1TB', 'interface': 'USB 3.0'}"
P1010,Headset Model 1010,Headset,45874.03,High quality headset suitable for work and entertainment.,"{'type': 'Over-ear', 'mic': 'Yes', 'connectivity': 'Wired', 'surround': '7.1'}"
P1011,Laptop Model 1011,Laptop,62601.69,High quality laptop suitable for work and entertainment.,"{'processor': 'Intel i7 13th Gen', 'ram': '32GB', 'storage': '1TB SSD', 'gpu': 'NVIDIA RTX 4070'}"
P1012,Motherboard Model 1012,Motherboard,71062.7,High quality motherboard suitable for work and entertainment.,"{'chipset': 'X570', 'socket': 'AM4', 'form_factor': 'ATX'}"
P1013,Monitor Model 1013,Monitor,57551.27,High quality monitor suitable for work and entertainment.,"{'size': '27 inch', 'resolution': '2560x1440', 'refresh_rate': '144Hz', 'panel': 'IPS'}"
P1014,Motherboard Model 1014,Motherboard,69268.21,High quality motherboard suitable for work and entertainment.,"{'chipset': 'X570', 'socket': 'AM4', 'form_factor': 'ATX'}"
P1015,Keyboard Model 1015,Keyboard,9329.69,High quality keyboard suitable for work and entertainment.,"{'type': 'Mechanical', 'switch': 'Red', 'backlight': 'RGB'}"
P1016,Graphics Card Model 1016,Graphics Card,4014.34,High quality graphics card suitable for work and entertainment.,"{'gpu': 'AMD RX 6800', 'vram': '16GB GDDR6'}"
P1017,SSD Model 1017,SSD,3818.22,High quality ssd suitable for work and entertainment.,"{'capacity': '1TB', 'interface': 'SATA'}"
P1018,Laptop Model 1018,Laptop,57411.9,High quality laptop suitable for work and entertainment.,"{'processor': 'Intel i7 13th Gen', 'ram': '32GB', 'storage': '1TB SSD', 'gpu': 'NVIDIA RTX 4070'}"
P1019,Motherboard Model 1019,Motherboard,39530.46,High quality motherboard suitable for work and entertainment.,"{'chipset': 'X570', 'socket': 'AM4', 'form_factor': 'ATX'}"
P1020,Motherboard Model 1020,Motherboard,110336.27,High quality motherboard suitable for work and entertainment.,"{'chipset': 'B550', 'socket': 'AM4', 'form_factor': 'ATX'}"
P1021,SSD Model 1021,SSD,6422.55,High quality ssd suitable for work and entertainment.,"{'capacity': '500GB', 'interface': 'NVMe'}"
P1022,Desktop Model 1022,Desktop,65053.56,High quality desktop suitable for work and entertainment.,"{'processor': 'AMD Ryzen 5 5600G', 'ram': '16GB', 'storage': '512GB SSD', 'gpu': 'Radeon Vega'}"
P1023,External HDD Model 1023,External HDD,115121.19,High quality external hdd suitable for work and entertainment.,"{'capacity': '4TB', 'interface': 'USB-C'}"
P1024,Motherboard Model 1024,Motherboard,4174.6,High quality motherboard suitable for work and entertainment.,"{'chipset': 'B550', 'socket': 'AM4', 'form_factor': 'ATX'}"
P1025,Motherboard Model 1025,Motherboard,14755.83,High quality motherboard suitable for work and entertainment.,"{'chipset': 'X570', 'socket': 'AM4', 'form_factor': 'ATX'}"
P1026,Monitor Model 1026,Monitor,14424.09,High quality monitor suitable for work and entertainment.,"{'size': '24 inch', 'resolution': '1920x1080', 'refresh_rate': '75Hz', 'panel': 'IPS'}"
P1027,Desktop Model 1027,Desktop,40461.49,High quality desktop suitable for work and entertainment.,"{'processor': 'AMD Ryzen 5 5600G', 'ram': '16GB', 'storage': '512GB SSD', 'gpu': 'Radeon Vega'}"
P1028,Monitor Model 1028,Monitor,75833.48,High quality monitor suitable for work and entertainment.,"{'size': '34 inch', 'resolution': '3440x1440', 'refresh_rate': '165Hz', 'panel': 'VA'}"
P1029,Laptop Model 1029,Laptop,38726.85,High quality laptop suitable for work and entertainment.,"{'processor': 'AMD Ryzen 7 5800H', 'ram': '16GB', 'storage': '1TB SSD', 'gpu': 'NVIDIA RTX 3060'}"
P1030,Monitor Model 1030,Monitor,66248.96,High quality monitor suitable for work and entertainment.,"{'size': '24 inch', 'resolution': '1920x1080', 'refresh_rate': '75Hz', 'panel': 'IPS'}"
P1031,Graphics Card Model 1031,Graphics Card,20087.11,High quality graphics card suitable for work and entertainment.,"{'gpu': 'NVIDIA RTX 4070', 'vram': '12GB GDDR6X'}"
P1032,Keyboard Model 1032,Keyboard,50340.2,High quality keyboard suitable for work and entertainment.,"{'type': 'Membrane', 'backlight': 'White LED'}"
P1033,Laptop Model 1033,Laptop,51944.72,High quality laptop suitable for work and entertainment.,"{'processor': 'Intel i5 12th Gen', 'ram': '16GB', 'storage': '512GB SSD', 'display': '15.6 inch FHD'}"
P1034,Graphics Card Model 1034,Graphics Card,4772.1,High quality graphics card suitable for work and entertainment.,"{'gpu': 'AMD RX 6800', 'vram': '16GB GDDR6'}"
P1035,Keyboard Model 1035,Keyboard,98251.22,High quality keyboard suitable for work and entertainment.,"{'type': 'Mechanical', 'switch': 'Blue', 'backlight': 'RGB'}"
P1036,Keyboard Model 1036,Keyboard,96967.84,High quality keyboard suitable for work and entertainment.,"{'type': 'Mechanical', 'switch': 'Red', 'backlight': 'RGB'}"
P1037,Mouse Model 1037,Mouse,117251.74,High quality mouse suitable for work and entertainment.,"{'dpi': '16000', 'buttons': '6', 'type': 'Wired'}"
P1038,Graphics Card Model 1038,Graphics Card,106808.68,High quality graphics card suitable for work and entertainment.,"{'gpu': 'NVIDIA RTX 3060', 'vram': '12GB GDDR6'}"
P1039,Headset Model 1039,Headset,114970.58,High quality headset suitable for work and entertainment.,"{'type': 'Over-ear', 'mic': 'Yes', 'connectivity': 'Wireless', 'surround': 'Stereo'}"
P1040,Mouse Model 1040,Mouse,15696.02,High quality mouse suitable for work and entertainment.,"{'dpi': '16000', 'buttons': '6', 'type': 'Wired'}"
P1041,Monitor Model 1041,Monitor,88402.51,High quality monitor suitable for work and entertainment.,"{'size': '24 inch', 'resolution': '1920x1080', 'refresh_rate': '75Hz', 'panel': 'IPS'}"
P1042,External HDD Model 1042,External HDD,103080.98,High quality external hdd suitable for work and entertainment.,"{'capacity': '4TB', 'interface': 'USB-C'}"
P1043,Headset Model 1043,Headset,29374.06,High quality headset suitable for work and entertainment.,"{'type': 'In-ear', 'mic': 'Yes', 'connectivity': 'Wired', 'surround': 'Stereo'}"
P1044,Motherboard Model 1044,Motherboard,31293.65,High quality motherboard suitable for work and entertainment.,"{'chipset': 'B550', 'socket': 'AM4', 'form_factor': 'ATX'}"
P1045,Graphics Card Model 1045,Graphics Card,66481.6,High quality graphics card suitable for work and entertainment.,"{'gpu': 'AMD RX 6800', 'vram': '16GB GDDR6'}"
P1046,External HDD Model 1046,External HDD,90072.59,High quality external hdd suitable for work and entertainment.,"{'capacity': '2TB', 'interface': 'USB 3.2'}"
P1047,Headset Model 1047,Headset,89653.04,High quality headset suitable for work and entertainment.,"{'type': 'Over-ear', 'mic': 'Yes', 'connectivity': 'Wireless', 'surround': 'Stereo'}"
P1048,Mouse Model 1048,Mouse,80841.11,High quality mouse suitable for work and entertainment.,"{'dpi': '16000', 'buttons': '6', 'type': 'Wired'}"
P1049,Motherboard Model 1049,Motherboard,66048.09,High quality motherboard suitable for work and entertainment.,"{'chipset': 'Z690', 'socket': 'LGA1700', 'form_factor': 'Micro-ATX'}"
P1050,Desktop Model 1050,Desktop,110251.83,High quality desktop suitable for work and entertainment.,"{'processor': 'Intel i3 11th Gen', 'ram': '8GB', 'storage': '1TB HDD', 'gpu': 'Integrated UHD'}"
P1051,Headset Model 1051,Headset,22684.75,High quality headset suitable for work and entertainment.,"{'type': 'Over-ear', 'mic': 'Yes', 'connectivity': 'Wired', 'surround': '7.1'}"
P1052,Graphics Card Model 1052,Graphics Card,64337.26,High quality graphics card suitable for work and entertainment.,"{'gpu': 'NVIDIA RTX 4070', 'vram': '12GB GDDR6X'}"
P1053,Mouse Model 1053,Mouse,103660.0,High quality mouse suitable for work and entertainment.,"{'dpi': '16000', 'buttons': '6', 'type': 'Wired'}"
P1054,Motherboard Model 1054,Motherboard,97786.47,High quality motherboard suitable for work and entertainment.,"{'chipset': 'Z690', 'socket': 'LGA1700', 'form_factor': 'Micro-ATX'}"
P1055,Laptop Model 1055,Laptop,10282.78,High quality laptop suitable for work and entertainment.,"{'processor': 'Intel i7 13th Gen', 'ram': '32GB', 'storage': '1TB SSD', 'gpu': 'NVIDIA RTX 4070'}"
P1056,Laptop Model 1056,Laptop,82324.57,High quality laptop suitable for work and entertainment.,"{'processor': 'Intel i7 13th Gen', 'ram': '32GB', 'storage': '1TB SSD', 'gpu': 'NVIDIA RTX 4070'}"
P1057,External HDD Model 1057,External HDD,83393.64,High quality external hdd suitable for work and entertainment.,"{'capacity': '1TB', 'interface': 'USB 3.0'}"
P1058,External HDD Model 1058,External HDD,42919.6,High quality external hdd suitable for work and entertainment.,"{'capacity': '4TB', 'interface': 'USB-C'}"
P1059,Headset Model 1059,Headset,76290.29,High quality headset suitable for work and entertainment.,"{'type': 'Over-ear', 'mic': 'Yes', 'connectivity': 'Wireless', 'surround': 'Stereo'}"
P1060,Motherboard Model 1060,Motherboard,12840.41,High quality motherboard suitable for work and entertainment.,"{'chipset': 'B550', 'socket': 'AM4', 'form_factor': 'ATX'}"
P1061,Mouse Model 1061,Mouse,104012.01,High quality mouse suitable for work and entertainment.,"{'dpi': '8000', 'buttons': '7', 'type': 'Wireless'}"
P1062,External HDD Model 1062,External HDD,63840.88,High quality external hdd suitable for work and entertainment.,"{'capacity': '4TB', 'interface': 'USB-C'}"
P1063,Motherboard Model 1063,Motherboard,78266.08,High quality motherboard suitable for work and entertainment.,"{'chipset': 'X570', 'socket': 'AM4', 'form_factor': 'ATX'}"
P1064,Laptop Model 1064,Laptop,42112.64,High quality laptop suitable for work and entertainment.,"{'processor': 'AMD Ryzen 7 5800H', 'ram': '16GB', 'storage': '1TB SSD', 'gpu': 'NVIDIA RTX 3060'}"
P1065,SSD Model 1065,SSD,100872.31,High quality ssd suitable for work and entertainment.,"{'capacity': '2TB', 'interface': 'NVMe'}"
P1066,Motherboard Model 1066,Motherboard,96633.05,High quality motherboard suitable for work and entertainment.,"{'chipset': 'X570', 'socket': 'AM4', 'form_factor': 'ATX'}"
P1067,Desktop Model 1067,Desktop,40261.28,High quality desktop suitable for work and entertainment.,"{'processor': 'Intel i9 12th Gen', 'ram': '32GB', 'storage': '2TB SSD', 'gpu': 'NVIDIA RTX 4080'}"
P1068,Monitor Model 1068,Monitor,71551.34,High quality monitor suitable for work and entertainment.,"{'size': '27 inch', 'resolution': '2560x1440', 'refresh_rate': '144Hz', 'panel': 'IPS'}"
P1069,SSD Model 1069,SSD,118056.38,High quality ssd suitable for work and entertainment.,"{'capacity': '1TB', 'interface': 'SATA'}"
P1070,Headset Model 1070,Headset,75734.32,High quality headset suitable for work and entertainment.,"{'type': 'Over-ear', 'mic': 'Yes', 'connectivity': 'Wired', 'surround': '7.1'}"
P1071,Desktop Model 1071,Desktop,42392.83,High quality desktop suitable for work and entertainment.,"{'processor': 'Intel i9 12th Gen', 'ram': '32GB', 'storage': '2TB SSD', 'gpu': 'NVIDIA RTX 4080'}"
P1072,Laptop Model 1072,Laptop,103314.63,High quality laptop suitable for work and entertainment.,"{'processor': 'Intel i7 13th Gen', 'ram': '32GB', 'storage': '1TB SSD', 'gpu': 'NVIDIA RTX 4070'}"
P1073,Motherboard Model 1073,Motherboard,118470.49,High quality motherboard suitable for work and entertainment.,"{'chipset': 'X570', 'socket': 'AM4', 'form_factor': 'ATX'}"
P1074,Desktop Model 1074,Desktop,98829.95,High quality desktop suitable for work and entertainment.,"{'processor': 'Intel i9 12th Gen', 'ram': '32GB', 'storage': '2TB SSD', 'gpu': 'NVIDIA RTX 4080'}"
P1075,External HDD Model 1075,External HDD,31039.21,High quality external hdd suitable for work and entertainment.,"{'capacity': '1TB', 'interface': 'USB 3.0'}"
P1076,Mouse Model 1076,Mouse,68423.22,High quality mouse suitable for work and entertainment.,"{'dpi': '16000', 'buttons': '6', 'type': 'Wired'}"
P1077,Mouse Model 1077,Mouse,60095.27,High quality mouse suitable for work and entertainment.,"{'dpi': '8000', 'buttons': '7', 'type': 'Wireless'}"
P1078,Mouse Model 1078,Mouse,41287.3,High quality mouse suitable for work and entertainment.,"{'dpi': '8000', 'buttons': '7', 'type': 'Wireless'}"
P1079,Desktop Model 1079,Desktop,21258.41,High quality desktop suitable for work and entertainment.,"{'processor': 'AMD Ryzen 5 5600G', 'ram': '16GB', 'storage': '512GB SSD', 'gpu': 'Radeon Vega'}"
P1080,External HDD Model 1080,External HDD,69514.37,High quality external hdd suitable for work and entertainment.,"{'capacity': '1TB', 'interface': 'USB 3.0'}"
P1081,Laptop Model 1081,Laptop,88145.72,High quality laptop suitable for work and entertainment.,"{'processor': 'Intel i5 12th Gen', 'ram': '16GB', 'storage': '512GB SSD', 'display': '15.6 inch FHD'}"
P1082,Monitor Model 1082,Monitor,103092.92,High quality monitor suitable for work and entertainment.,"{'size': '24 inch', 'resolution': '1920x1080', 'refresh_rate': '75Hz', 'panel': 'IPS'}"
P1083,Motherboard Model 1083,Motherboard,65410.35,High quality motherboard suitable for work and entertainment.,"{'chipset': 'Z690', 'socket': 'LGA1700', 'form_factor': 'Micro-ATX'}"
P1084,Keyboard Model 1084,Keyboard,3433.25,High quality keyboard suitable for work and entertainment.,"{'type': 'Membrane', 'backlight': 'White LED'}"
P1085,Graphics Card Model 1085,Graphics Card,36022.79,High quality graphics card suitable for work and entertainment.,"{'gpu': 'NVIDIA RTX 3060', 'vram': '12GB GDDR6'}"
P1086,Desktop Model 1086,Desktop,44146.05,High quality desktop suitable for work and entertainment.,"{'processor': 'AMD Ryzen 5 5600G', 'ram': '16GB', 'storage': '512GB SSD', 'gpu': 'Radeon Vega'}"
P1087,SSD Model 1087,SSD,21205.99,High quality ssd suitable for work and entertainment.,"{'capacity': '1TB', 'interface': 'SATA'}"
P1088,Motherboard Model 1088,Motherboard,65502.24,High quality motherboard suitable for work and entertainment.,"{'chipset': 'B550', 'socket': 'AM4', 'form_factor': 'ATX'}"
P1089,Laptop Model 1089,Laptop,37258.74,High quality laptop suitable for work and entertainment.,"{'processor': 'Intel i7 13th Gen', 'ram': '32GB', 'storage': '1TB SSD', 'gpu': 'NVIDIA RTX 4070'}"
P1090,Keyboard Model 1090,Keyboard,107391.87,High quality keyboard suitable for work and entertainment.,"{'type': 'Membrane', 'backlight': 'White LED'}"
P1091,Desktop Model 1091,Desktop,6923.21,High quality desktop suitable for work and entertainment.,"{'processor': 'Intel i3 11th Gen', 'ram': '8GB', 'storage': '1TB HDD', 'gpu': 'Integrated UHD'}"
P1092,Headset Model 1092,Headset,119297.88,High quality headset suitable for work and entertainment.,"{'type': 'Over-ear', 'mic': 'Yes', 'connectivity': 'Wireless', 'surround': 'Stereo'}"
P1093,SSD Model 1093,SSD,94090.13,High quality ssd suitable for work and entertainment.,"{'capacity': '1TB', 'interface': 'SATA'}"
P1094,Laptop Model 1094,Laptop,87715.23,High quality laptop suitable for work and entertainment.,"{'processor': 'AMD Ryzen 7 5800H', 'ram': '16GB', 'storage': '1TB SSD', 'gpu': 'NVIDIA RTX 3060'}"
P1095,Keyboard Model 1095,Keyboard,72010.07,High quality keyboard suitable for work and entertainment.,"{'type': 'Mechanical', 'switch': 'Blue', 'backlight': 'RGB'}"
P1096,Desktop Model 1096,Desktop,102061.37,High quality desktop suitable for work and entertainment.,"{'processor': 'Intel i3 11th Gen', 'ram': '8GB', 'storage': '1TB HDD', 'gpu': 'Integrated UHD'}"
P1097,Headset Model 1097,Headset,40211.61,High quality headset suitable for work and entertainment.,"{'type': 'In-ear', 'mic': 'Yes', 'connectivity': 'Wired', 'surround': 'Stereo'}"
P1098,Laptop Model 1098,Laptop,24935.61,High quality laptop suitable for work and entertainment.,"{'processor': 'Intel i7 13th Gen', 'ram': '32GB', 'storage': '1TB SSD', 'gpu': 'NVIDIA RTX 4070'}"
P1099,Headset Model 1099,Headset,102767.56,High quality headset suitable for work and entertainment.,"{'type': 'Over-ear', 'mic': 'Yes', 'connectivity': 'Wired', 'surround': '7.1'}"
P1100,Motherboard Model 1100,Motherboard,101881.41,High quality motherboard suitable for work and entertainment.,"{'chipset': 'X570', 'socket': 'AM4', 'form_factor': 'ATX'}"
P1101,Keyboard Model 1101,Keyboard,5806.41,High quality keyboard suitable for work and entertainment.,"{'type': 'Mechanical', 'switch': 'Red', 'backlight': 'RGB'}"
P1102,Graphics Card Model 1102,Graphics Card,23049.17,High quality graphics card suitable for work and entertainment.,"{'gpu': 'NVIDIA RTX 3060', 'vram': '12GB GDDR6'}"
P1103,External HDD Model 1103,External HDD,63958.61,High quality external hdd suitable for work and entertainment.,"{'capacity': '4TB', 'interface': 'USB-C'}"
P1104,SSD Model 1104,SSD,65971.19,High quality ssd suitable for work and entertainment.,"{'capacity': '1TB', 'interface': 'SATA'}"
P1105,Motherboard Model 1105,Motherboard,39853.55,High quality motherboard suitable for work and entertainment.,"{'chipset': 'X570', 'socket': 'AM4', 'form_factor': 'ATX'}"
P1106,Headset Model 1106,Headset,105209.5,High quality headset suitable for work and entertainment.,"{'type': 'Over-ear', 'mic': 'Yes', 'connectivity': 'Wireless', 'surround': 'Stereo'}"
P1107,Desktop Model 1107,Desktop,30332.64,High quality desktop suitable for work and entertainment.,"{'processor': 'Intel i9 12th Gen', 'ram': '32GB', 'storage': '2TB SSD', 'gpu': 'NVIDIA RTX 4080'}"
P1108,Keyboard Model 1108,Keyboard,70748.17,High quality keyboard suitable for work and entertainment.,"{'type': 'Mechanical', 'switch': 'Blue', 'backlight': 'RGB'}"
P1109,Mouse Model 1109,Mouse,107667.99,High quality mouse suitable for work and entertainment.,"{'dpi': '16000', 'buttons': '6', 'type': 'Wired'}"
P1110,Mouse Model 1110,Mouse,102868.17,High quality mouse suitable for work and entertainment.,"{'dpi': '12000', 'buttons': '5', 'type': 'Wireless'}"
P1111,Motherboard Model 1111,Motherboard,69076.34,High quality motherboard suitable for work and entertainment.,"{'chipset': 'Z690', 'socket': 'LGA1700', 'form_factor': 'Micro-ATX'}"
P1112,Graphics Card Model 1112,Graphics Card,104646.69,High quality graphics card suitable for work and entertainment.,"{'gpu': 'NVIDIA RTX 3060', 'vram': '12GB GDDR6'}"
P1113,SSD Model 1113,SSD,100150.6,High quality ssd suitable for work and entertainment.,"{'capacity': '1TB', 'interface': 'SATA'}"
P1114,Laptop Model 1114,Laptop,52681.84,High quality laptop suitable for work and entertainment.,"{'processor': 'Intel i7 13th Gen', 'ram': '32GB', 'storage': '1TB SSD', 'gpu': 'NVIDIA RTX 4070'}"
P1115,SSD Model 1115,SSD,90853.23,High quality ssd suitable for work and entertainment.,"{'capacity': '500GB', 'interface': 'NVMe'}"
P1116,Keyboard Model 1116,Keyboard,48982.62,High quality keyboard suitable for work and entertainment.,"{'type': 'Membrane', 'backlight': 'White LED'}"
P1117,Keyboard Model 1117,Keyboard,31125.18,High quality keyboard suitable for work and entertainment.,"{'type': 'Membrane', 'backlight': 'White LED'}"
P1118,Headset Model 1118,Headset,4058.41,High quality headset suitable for work and entertainment.,"{'type': 'Over-ear', 'mic': 'Yes', 'connectivity': 'Wired', 'surround': '7.1'}"
P1119,Monitor Model 1119,Monitor,84667.89,High quality monitor suitable for work and entertainment.,"{'size': '24 inch', 'resolution': '1920x1080', 'refresh_rate': '75Hz', 'panel': 'IPS'}"
P1120,Monitor Model 1120,Monitor,101699.81,High quality monitor suitable for work and entertainment.,"{'size': '24 inch', 'resolution': '1920x1080', 'refresh_rate': '75Hz', 'panel': 'IPS'}"
P1121,Graphics Card Model 1121,Graphics Card,104115.28,High quality graphics card suitable for work and entertainment.,"{'gpu': 'AMD RX 6800', 'vram': '16GB GDDR6'}"
P1122,Motherboard Model 1122,Motherboard,51610.37,High quality motherboard suitable for work and entertainment.,"{'chipset': 'B550', 'socket': 'AM4', 'form_factor': 'ATX'}"
P1123,Laptop Model 1123,Laptop,107800.59,High quality laptop suitable for work and entertainment.,"{'processor': 'Intel i7 13th Gen', 'ram': '32GB', 'storage': '1TB SSD', 'gpu': 'NVIDIA RTX 4070'}"
P1124,Motherboard Model 1124,Motherboard,46714.94,High quality motherboard suitable for work and entertainment.,"{'chipset': 'X570', 'socket': 'AM4', 'form_factor': 'ATX'}"
P1125,Laptop Model 1125,Laptop,71428.79,High quality laptop suitable for work and entertainment.,"{'processor': 'Intel i7 13th Gen', 'ram': '32GB', 'storage': '1TB SSD', 'gpu': 'NVIDIA RTX 4070'}"
P1126,Motherboard Model 1126,Motherboard,53005.66,High quality motherboard suitable for work and entertainment.,"{'chipset': 'X570', 'socket': 'AM4', 'form_factor': 'ATX'}"
P1127,Motherboard Model 1127,Motherboard,28408.36,High quality motherboard suitable for work and entertainment.,"{'chipset': 'X570', 'socket': 'AM4', 'form_factor': 'ATX'}"
P1128,Keyboard Model 1128,Keyboard,112457.95,High quality keyboard suitable for work and entertainment.,"{'type': 'Mechanical', 'switch': 'Blue', 'backlight': 'RGB'}"
P1129,Motherboard Model 1129,Motherboard,8099.33,High quality motherboard suitable for work and entertainment.,"{'chipset': 'X570', 'socket': 'AM4', 'form_factor': 'ATX'}"
P1130,External HDD Model 1130,External HDD,9407.16,High quality external hdd suitable for work and entertainment.,"{'capacity': '2TB', 'interface': 'USB 3.2'}"
P1131,Keyboard Model 1131,Keyboard,35078.5,High quality keyboard suitable for work and entertainment.,"{'type': 'Membrane', 'backlight': 'White LED'}"
P1132,Keyboard Model 1132,Keyboard,49846.48,High quality keyboard suitable for work and entertainment.,"{'type': 'Mechanical', 'switch': 'Red', 'backlight': 'RGB'}"
P1133,SSD Model 1133,SSD,34704.23,High quality ssd suitable for work and entertainment.,"{'capacity': '500GB', 'interface': 'NVMe'}"
P1134,Motherboard Model 1134,Motherboard,44999.66,High quality motherboard suitable for work and entertainment.,"{'chipset': 'Z690', 'socket': 'LGA1700', 'form_factor': 'Micro-ATX'}"
P1135,Headset Model 1135,Headset,74685.14,High quality headset suitable for work and entertainment.,"{'type': 'In-ear', 'mic': 'Yes', 'connectivity': 'Wired', 'surround': 'Stereo'}"
P1136,Headset Model 1136,Headset,53749.7,High quality headset suitable for work and entertainment.,"{'type': 'In-ear', 'mic': 'Yes', 'connectivity': 'Wired', 'surround': 'Stereo'}"
P1137,Desktop Model 1137,Desktop,6945.77,High quality desktop suitable for work and entertainment.,"{'processor': 'Intel i3 11th Gen', 'ram': '8GB', 'storage': '1TB HDD', 'gpu': 'Integrated UHD'}"
P1138,Headset Model 1138,Headset,14790.67,High quality headset suitable for work and entertainment.,"{'type': 'In-ear', 'mic': 'Yes', 'connectivity': 'Wired', 'surround': 'Stereo'}"
P1139,External HDD Model 1139,External HDD,51235.24,High quality external hdd suitable for work and entertainment.,"{'capacity': '2TB', 'interface': 'USB 3.2'}"
P1140,External HDD Model 1140,External HDD,67077.31,High quality external hdd suitable for work and entertainment.,"{'capacity': '2TB', 'interface': 'USB 3.2'}"
P1141,Keyboard Model 1141,Keyboard,91293.95,High quality keyboard suitable for work and entertainment.,"{'type': 'Mechanical', 'switch': 'Blue', 'backlight': 'RGB'}"
P1142,Keyboard Model 1142,Keyboard,116935.12,High quality keyboard suitable for work and entertainment.,"{'type': 'Mechanical', 'switch': 'Blue', 'backlight': 'RGB'}"
P1143,Monitor Model 1143,Monitor,5911.45,High quality monitor suitable for work and entertainment.,"{'size': '27 inch', 'resolution': '2560x1440', 'refresh_rate': '144Hz', 'panel': 'IPS'}"
P1144,SSD Model 1144,SSD,119916.97,High quality ssd suitable for work and entertainment.,"{'capacity': '1TB', 'interface': 'SATA'}"
P1145,SSD Model 1145,SSD,34569.45,High quality ssd suitable for work and entertainment.,"{'capacity': '1TB', 'interface': 'SATA'}"
P1146,Graphics Card Model 1146,Graphics Card,75952.4,High quality graphics card suitable for work and entertainment.,"{'gpu': 'NVIDIA RTX 3060', 'vram': '12GB GDDR6'}"
P1147,Monitor Model 1147,Monitor,112664.56,High quality monitor suitable for work and entertainment.,"{'size': '27 inch', 'resolution': '2560x1440', 'refresh_rate': '144Hz', 'panel': 'IPS'}"
P1148,External HDD Model 1148,External HDD,53864.45,High quality external hdd suitable for work and entertainment.,"{'capacity': '1TB', 'interface': 'USB 3.0'}"
P1149,Monitor Model 1149,Monitor,11566.06,High quality monitor suitable for work and entertainment.,"{'size': '34 inch', 'resolution': '3440x1440', 'refresh_rate': '165Hz', 'panel': 'VA'}"
P1150,Monitor Model 1150,Monitor,82421.29,High quality monitor suitable for work and entertainment.,"{'size': '27 inch', 'resolution': '2560x1440', 'refresh_rate': '144Hz', 'panel': 'IPS'}"
P1151,Monitor Model 1151,Monitor,76951.26,High quality monitor suitable for work and entertainment.,"{'size': '24 inch', 'resolution': '1920x1080', 'refresh_rate': '75Hz', 'panel': 'IPS'}"
P1152,SSD Model 1152,SSD,69260.8,High quality ssd suitable for work and entertainment.,"{'capacity': '500GB', 'interface': 'NVMe'}"
P1153,Motherboard Model 1153,Motherboard,12726.24,High quality motherboard suitable for work and entertainment.,"{'chipset': 'Z690', 'socket': 'LGA1700', 'form_factor': 'Micro-ATX'}"
P1154,Monitor Model 1154,Monitor,34921.57,High quality monitor suitable for work and entertainment.,"{'size': '27 inch', 'resolution': '2560x1440', 'refresh_rate': '144Hz', 'panel': 'IPS'}"
P1155,Monitor Model 1155,Monitor,70770.89,High quality monitor suitable for work and entertainment.,"{'size': '27 inch', 'resolution': '2560x1440', 'refresh_rate': '144Hz', 'panel': 'IPS'}"
P1156,Monitor Model 1156,Monitor,3442.51,High quality monitor suitable for work and entertainment.,"{'size': '27 inch', 'resolution': '2560x1440', 'refresh_rate': '144Hz', 'panel': 'IPS'}"
P1157,Motherboard Model 1157,Motherboard,111372.43,High quality motherboard suitable for work and entertainment.,"{'chipset': 'Z690', 'socket': 'LGA1700', 'form_factor': 'Micro-ATX'}"
P1158,Keyboard Model 1158,Keyboard,43913.62,High quality keyboard suitable for work and entertainment.,"{'type': 'Membrane', 'backlight': 'White LED'}"
P1159,Desktop Model 1159,Desktop,88027.26,High quality desktop suitable for work and entertainment.,"{'processor': 'Intel i3 11th Gen', 'ram': '8GB', 'storage': '1TB HDD', 'gpu': 'Integrated UHD'}"
P1160,Headset Model 1160,Headset,72993.85,High quality headset suitable for work and entertainment.,"{'type': 'Over-ear', 'mic': 'Yes', 'connectivity': 'Wireless', 'surround': 'Stereo'}"
P1161,Mouse Model 1161,Mouse,50531.74,High quality mouse suitable for work and entertainment.,"{'dpi': '8000', 'buttons': '7', 'type': 'Wireless'}"
P1162,SSD Model 1162,SSD,63534.64,High quality ssd suitable for work and entertainment.,"{'capacity': '2TB', 'interface': 'NVMe'}"
P1163,External HDD Model 1163,External HDD,64371.58,High quality external hdd suitable for work and entertainment.,"{'capacity': '4TB', 'interface': 'USB-C'}"
P1164,Motherboard Model 1164,Motherboard,24319.78,High quality motherboard suitable for work and entertainment.,"{'chipset': 'Z690', 'socket': 'LGA1700', 'form_factor': 'Micro-ATX'}"
P1165,Graphics Card Model 1165,Graphics Card,63262.35,High quality graphics card suitable for work and entertainment.,"{'gpu': 'NVIDIA RTX 4070', 'vram': '12GB GDDR6X'}"
P1166,Motherboard Model 1166,Motherboard,79690.51,High quality motherboard suitable for work and entertainment.,"{'chipset': 'B550', 'socket': 'AM4', 'form_factor': 'ATX'}"
P1167,Keyboard Model 1167,Keyboard,72684.15,High quality keyboard suitable for work and entertainment.,"{'type': 'Mechanical', 'switch': 'Red', 'backlight': 'RGB'}"
P1168,Mouse Model 1168,Mouse,80624.3,High quality mouse suitable for work and entertainment.,"{'dpi': '8000', 'buttons': '7', 'type': 'Wireless'}"
P1169,Graphics Card Model 1169,Graphics Card,85083.5,High quality graphics card suitable for work and entertainment.,"{'gpu': 'NVIDIA RTX 3060', 'vram': '12GB GDDR6'}"
P1170,SSD Model 1170,SSD,38566.54,High quality ssd suitable for work and entertainment.,"{'capacity': '500GB', 'interface': 'NVMe'}"
P1171,External HDD Model 1171,External HDD,5413.08,High quality external hdd suitable for work and entertainment.,"{'capacity': '4TB', 'interface': 'USB-C'}"
P1172,Laptop Model 1172,Laptop,112854.23,High quality laptop suitable for work and entertainment.,"{'processor': 'Intel i5 12th Gen', 'ram': '16GB', 'storage': '512GB SSD', 'display': '15.6 inch FHD'}"
P1173,Mouse Model 1173,Mouse,47984.96,High quality mouse suitable for work and entertainment.,"{'dpi': '8000', 'buttons': '7', 'type': 'Wireless'}"
P1174,Monitor Model 1174,Monitor,2110.94,High quality monitor suitable for work and entertainment.,"{'size': '27 inch', 'resolution': '2560x1440', 'refresh_rate': '144Hz', 'panel': 'IPS'}"
P1175,SSD Model 1175,SSD,78017.0,High quality ssd suitable for work and entertainment.,"{'capacity': '2TB', 'interface': 'NVMe'}"
P1176,External HDD Model 1176,External HDD,5708.35,High quality external hdd suitable for work and entertainment.,"{'capacity': '4TB', 'interface': 'USB-C'}"
P1177,Motherboard Model 1177,Motherboard,115989.37,High quality motherboard suitable for work and entertainment.,"{'chipset': 'Z690', 'socket': 'LGA1700', 'form_factor': 'Micro-ATX'}"
P1178,Graphics Card Model 1178,Graphics Card,67398.97,High quality graphics card suitable for work and entertainment.,"{'gpu': 'NVIDIA RTX 3060', 'vram': '12GB GDDR6'}"
P1179,Graphics Card Model 1179,Graphics Card,113717.37,High quality graphics card suitable for work and entertainment.,"{'gpu': 'NVIDIA RTX 3060', 'vram': '12GB GDDR6'}"
P1180,Monitor Model 1180,Monitor,75328.8,High quality monitor suitable for work and entertainment.,"{'size': '27 inch', 'resolution': '2560x1440', 'refresh_rate': '144Hz', 'panel': 'IPS'}"
P1181,Laptop Model 1181,Laptop,105544.49,High quality laptop suitable for work and entertainment.,"{'processor': 'Intel i5 12th Gen', 'ram': '16GB', 'storage': '512GB SSD', 'display': '15.6 inch FHD'}"
P1182,Graphics Card Model 1182,Graphics Card,24257.02,High quality graphics card suitable for work and entertainment.,"{'gpu': 'NVIDIA RTX 4070', 'vram': '12GB GDDR6X'}"
P1183,Laptop Model 1183,Laptop,39297.95,High quality laptop suitable for work and entertainment.,"{'processor': 'Intel i7 13th Gen', 'ram': '32GB', 'storage': '1TB SSD', 'gpu': 'NVIDIA RTX 4070'}"
P1184,Graphics Card Model 1184,Graphics Card,3095.66,High quality graphics card suitable for work and entertainment.,"{'gpu': 'NVIDIA RTX 3060', 'vram': '12GB GDDR6'}"
P1185,Motherboard Model 1185,Motherboard,8248.7,High quality motherboard suitable for work and entertainment.,"{'chipset': 'X570', 'socket': 'AM4', 'form_factor': 'ATX'}"
P1186,Motherboard Model 1186,Motherboard,44716.56,High quality motherboard suitable for work and entertainment.,"{'chipset': 'X570', 'socket': 'AM4', 'form_factor': 'ATX'}"
P1187,Desktop Model 1187,Desktop,46846.63,High quality desktop suitable for work and entertainment.,"{'processor': 'AMD Ryzen 5 5600G', 'ram': '16GB', 'storage': '512GB SSD', 'gpu': 'Radeon Vega'}"
P1188,External HDD Model 1188,External HDD,3823.41,High quality external hdd suitable for work and entertainment.,"{'capacity': '2TB', 'interface': 'USB 3.2'}"
P1189,Monitor Model 1189,Monitor,66747.2,High quality monitor suitable for work and entertainment.,"{'size': '27 inch', 'resolution': '2560x1440', 'refresh_rate': '144Hz', 'panel': 'IPS'}"
P1190,Mouse Model 1190,Mouse,11261.55,High quality mouse suitable for work and entertainment.,"{'dpi': '16000', 'buttons': '6', 'type': 'Wired'}"
P1191,Laptop Model 1191,Laptop,2935.18,High quality laptop suitable for work and entertainment.,"{'processor': 'Intel i7 13th Gen', 'ram': '32GB', 'storage': '1TB SSD', 'gpu': 'NVIDIA RTX 4070'}"
P1192,Motherboard Model 1192,Motherboard,12264.24,High quality motherboard suitable for work and entertainment.,"{'chipset': 'Z690', 'socket': 'LGA1700', 'form_factor': 'Micro-ATX'}"
P1193,Laptop Model 1193,Laptop,27565.55,High quality laptop suitable for work and entertainment.,"{'processor': 'AMD Ryzen 7 5800H', 'ram': '16GB', 'storage': '1TB SSD', 'gpu': 'NVIDIA RTX 3060'}"
P1194,Desktop Model 1194,Desktop,107846.29,High quality desktop suitable for work and entertainment.,"{'processor': 'Intel i3 11th Gen', 'ram': '8GB', 'storage': '1TB HDD', 'gpu': 'Integrated UHD'}"
P1195,Mouse Model 1195,Mouse,64345.27,High quality mouse suitable for work and entertainment.,"{'dpi': '12000', 'buttons': '5', 'type': 'Wireless'}"
P1196,Mouse Model 1196,Mouse,79127.7,High quality mouse suitable for work and entertainment.,"{'dpi': '12000', 'buttons': '5', 'type': 'Wireless'}"
P1197,Motherboard Model 1197,Motherboard,64639.0,High quality motherboard suitable for work and entertainment.,"{'chipset': 'Z690', 'socket': 'LGA1700', 'form_factor': 'Micro-ATX'}"
P1198,External HDD Model 1198,External HDD,90773.12,High quality external hdd suitable for work and entertainment.,"{'capacity': '1TB', 'interface': 'USB 3.0'}"
P1199,Headset Model 1199,Headset,48572.16,High quality headset suitable for work and entertainment.,"{'type': 'Over-ear', 'mic': 'Yes', 'connectivity': 'Wired', 'surround': '7.1'}"
P1200,Laptop Model 1200,Laptop,56695.64,High quality laptop suitable for work and entertainment.,"{'processor': 'Intel i5 12th Gen', 'ram': '16GB', 'storage': '512GB SSD', 'display': '15.6 inch FHD'}"
P1201,SSD Model 1201,SSD,59901.68,High quality ssd suitable for work and entertainment.,"{'capacity': '2TB', 'interface': 'NVMe'}"
P1202,Graphics Card Model 1202,Graphics Card,104302.65,High quality graphics card suitable for work and entertainment.,"{'gpu': 'NVIDIA RTX 4070', 'vram': '12GB GDDR6X'}"
P1203,External HDD Model 1203,External HDD,3123.95,High quality external hdd suitable for work and entertainment.,"{'capacity': '4TB', 'interface': 'USB-C'}"
P1204,Keyboard Model 1204,Keyboard,55777.19,High quality keyboard suitable for work and entertainment.,"{'type': 'Membrane', 'backlight': 'White LED'}"
P1205,Monitor Model 1205,Monitor,98125.33,High quality monitor suitable for work and entertainment.,"{'size': '34 inch', 'resolution': '3440x1440', 'refresh_rate': '165Hz', 'panel': 'VA'}"
P1206,Headset Model 1206,Headset,61347.36,High quality headset suitable for work and entertainment.,"{'type': 'Over-ear', 'mic': 'Yes', 'connectivity': 'Wired', 'surround': '7.1'}"
P1207,Monitor Model 1207,Monitor,8303.37,High quality monitor suitable for work and entertainment.,"{'size': '24 inch', 'resolution': '1920x1080', 'refresh_rate': '75Hz', 'panel': 'IPS'}"
P1208,Graphics Card Model 1208,Graphics Card,2579.21,High quality graphics card suitable for work and entertainment.,"{'gpu': 'AMD RX 6800', 'vram': '16GB GDDR6'}"
P1209,Monitor Model 1209,Monitor,3955.73,High quality monitor suitable for work and entertainment.,"{'size': '34 inch', 'resolution': '3440x1440', 'refresh_rate': '165Hz', 'panel': 'VA'}"
P1210,External HDD Model 1210,External HDD,33085.21,High quality external hdd suitable for work and entertainment.,"{'capacity': '4TB', 'interface': 'USB-C'}"
P1211,Desktop Model 1211,Desktop,80368.21,High quality desktop suitable for work and entertainment.,"{'processor': 'Intel i3 11th Gen', 'ram': '8GB', 'storage': '1TB HDD', 'gpu': 'Integrated UHD'}"
P1212,Headset Model 1212,Headset,52904.15,High quality headset suitable for work and entertainment.,"{'type': 'Over-ear', 'mic': 'Yes', 'connectivity': 'Wired', 'surround': '7.1'}"
P1213,Graphics Card Model 1213,Graphics Card,100565.21,High quality graphics card suitable for work and entertainment.,"{'gpu': 'NVIDIA RTX 4070', 'vram': '12GB GDDR6X'}"
P1214,Monitor Model 1214,Monitor,107824.45,High quality monitor suitable for work and entertainment.,"{'size': '34 inch', 'resolution': '3440x1440', 'refresh_rate': '165Hz', 'panel': 'VA'}"
P1215,Desktop Model 1215,Desktop,114621.51,High quality desktop suitable for work and entertainment.,"{'processor': 'Intel i9 12th Gen', 'ram': '32GB', 'storage': '2TB SSD', 'gpu': 'NVIDIA RTX 4080'}"
P1216,Laptop Model 1216,Laptop,93349.39,High quality laptop suitable for work and entertainment.,"{'processor': 'AMD Ryzen 7 5800H', 'ram': '16GB', 'storage': '1TB SSD', 'gpu': 'NVIDIA RTX 3060'}"
P1217,Keyboard Model 1217,Keyboard,24579.08,High quality keyboard suitable for work and entertainment.,"{'type': 'Mechanical', 'switch': 'Red', 'backlight': 'RGB'}"
P1218,Laptop Model 1218,Laptop,23173.23,High quality laptop suitable for work and entertainment.,"{'processor': 'AMD Ryzen 7 5800H', 'ram': '16GB', 'storage': '1TB SSD', 'gpu': 'NVIDIA RTX 3060'}"
P1219,Graphics Card Model 1219,Graphics Card,116634.07,High quality graphics card suitable for work and entertainment.,"{'gpu': 'NVIDIA RTX 3060', 'vram': '12GB GDDR6'}"
P1220,Graphics Card Model 1220,Graphics Card,76675.64,High quality graphics card suitable for work and entertainment.,"{'gpu': 'NVIDIA RTX 3060', 'vram': '12GB GDDR6'}"
P1221,Motherboard Model 1221,Motherboard,80332.68,High quality motherboard suitable for work and entertainment.,"{'chipset': 'B550', 'socket': 'AM4', 'form_factor': 'ATX'}"
P1222,Monitor Model 1222,Monitor,44697.16,High quality monitor suitable for work and entertainment.,"{'size': '24 inch', 'resolution': '1920x1080', 'refresh_rate': '75Hz', 'panel': 'IPS'}"
P1223,Monitor Model 1223,Monitor,91701.43,High quality monitor suitable for work and entertainment.,"{'size': '27 inch', 'resolution': '2560x1440', 'refresh_rate': '144Hz', 'panel': 'IPS'}"
P1224,Mouse Model 1224,Mouse,94686.5,High quality mouse suitable for work and entertainment.,"{'dpi': '16000', 'buttons': '6', 'type': 'Wired'}"
P1225,Graphics Card Model 1225,Graphics Card,78863.29,High quality graphics card suitable for work and entertainment.,"{'gpu': 'NVIDIA RTX 4070', 'vram': '12GB GDDR6X'}"
P1226,Mouse Model 1226,Mouse,65732.24,High quality mouse suitable for work and entertainment.,"{'dpi': '8000', 'buttons': '7', 'type': 'Wireless'}"
P1227,Graphics Card Model 1227,Graphics Card,46978.53,High quality graphics card suitable for work and entertainment.,"{'gpu': 'AMD RX 6800', 'vram': '16GB GDDR6'}"
P1228,Headset Model 1228,Headset,10899.42,High quality headset suitable for work and entertainment.,"{'type': 'Over-ear', 'mic': 'Yes', 'connectivity': 'Wireless', 'surround': 'Stereo'}"
P1229,SSD Model 1229,SSD,54296.71,High quality ssd suitable for work and entertainment.,"{'capacity': '2TB', 'interface': 'NVMe'}"
P1230,Keyboard Model 1230,Keyboard,64314.15,High quality keyboard suitable for work and entertainment.,"{'type': 'Membrane', 'backlight': 'White LED'}"
P1231,Graphics Card Model 1231,Graphics Card,81507.23,High quality graphics card suitable for work and entertainment.,"{'gpu': 'NVIDIA RTX 4070', 'vram': '12GB GDDR6X'}"
P1232,Laptop Model 1232,Laptop,34598.55,High quality laptop suitable for work and entertainment.,"{'processor': 'Intel i7 13th Gen', 'ram': '32GB', 'storage': '1TB SSD', 'gpu': 'NVIDIA RTX 4070'}"
P1233,Laptop Model 1233,Laptop,54689.29,High quality laptop suitable for work and entertainment.,"{'processor': 'AMD Ryzen 7 5800H', 'ram': '16GB', 'storage': '1TB SSD', 'gpu': 'NVIDIA RTX 3060'}"
P1234,Monitor Model 1234,Monitor,105436.97,High quality monitor suitable for work and entertainment.,"{'size': '34 inch', 'resolution': '3440x1440', 'refresh_rate': '165Hz', 'panel': 'VA'}"
P1235,SSD Model 1235,SSD,37744.15,High quality ssd suitable for work and entertainment.,"{'capacity': '2TB', 'interface': 'NVMe'}"
P1236,Laptop Model 1236,Laptop,5673.03,High quality laptop suitable for work and entertainment.,"{'processor': 'Intel i7 13th Gen', 'ram': '32GB', 'storage': '1TB SSD', 'gpu': 'NVIDIA RTX 4070'}"
P1237,Mouse Model 1237,Mouse,111325.68,High quality mouse suitable for work and entertainment.,"{'dpi': '12000', 'buttons': '5', 'type': 'Wireless'}"
P1238,Headset Model 1238,Headset,17798.17,High quality headset suitable for work and entertainment.,"{'type': 'Over-ear', 'mic': 'Yes', 'connectivity': 'Wired', 'surround': '7.1'}"
P1239,Keyboard Model 1239,Keyboard,26605.79,High quality keyboard suitable for work and entertainment.,"{'type': 'Mechanical', 'switch': 'Blue', 'backlight': 'RGB'}"
P1240,Desktop Model 1240,Desktop,105159.55,High quality desktop suitable for work and entertainment.,"{'processor': 'Intel i3 11th Gen', 'ram': '8GB', 'storage': '1TB HDD', 'gpu': 'Integrated UHD'}"
P1241,Graphics Card Model 1241,Graphics Card,50475.16,High quality graphics card suitable for work and entertainment.,"{'gpu': 'NVIDIA RTX 4070', 'vram': '12GB GDDR6X'}"
P1242,Motherboard Model 1242,Motherboard,39521.7,High quality motherboard suitable for work and entertainment.,"{'chipset': 'B550', 'socket': 'AM4', 'form_factor': 'ATX'}"
P1243,Monitor Model 1243,Monitor,69344.07,High quality monitor suitable for work and entertainment.,"{'size': '27 inch', 'resolution': '2560x1440', 'refresh_rate': '144Hz', 'panel': 'IPS'}"
P1244,External HDD Model 1244,External HDD,58976.65,High quality external hdd suitable for work and entertainment.,"{'capacity': '1TB', 'interface': 'USB 3.0'}"
P1245,Mouse Model 1245,Mouse,93638.99,High quality mouse suitable for work and entertainment.,"{'dpi': '16000', 'buttons': '6', 'type': 'Wired'}"
P1246,Headset Model 1246,Headset,72760.29,High quality headset suitable for work and entertainment.,"{'type': 'Over-ear', 'mic': 'Yes', 'connectivity': 'Wired', 'surround': '7.1'}"
P1247,Graphics Card Model 1247,Graphics Card,51760.59,High quality graphics card suitable for work and entertainment.,"{'gpu': 'AMD RX 6800', 'vram': '16GB GDDR6'}"
P1248,Motherboard Model 1248,Motherboard,21129.7,High quality motherboard suitable for work and entertainment.,"{'chipset': 'Z690', 'socket': 'LGA1700', 'form_factor': 'Micro-ATX'}"
P1249,Desktop Model 1249,Desktop,68023.92,High quality desktop suitable for work and entertainment.,"{'processor': 'AMD Ryzen 5 5600G', 'ram': '16GB', 'storage': '512GB SSD', 'gpu': 'Radeon Vega'}"
P1250,External HDD Model 1250,External HDD,81763.69,High quality external hdd suitable for work and entertainment.,"{'capacity': '1TB', 'interface': 'USB 3.0'}"
P1251,Headset Model 1251,Headset,13254.82,High quality headset suitable for work and entertainment.,"{'type': 'In-ear', 'mic': 'Yes', 'connectivity': 'Wired', 'surround': 'Stereo'}"
P1252,Graphics Card Model 1252,Graphics Card,102925.75,High quality graphics card suitable for work and entertainment.,"{'gpu': 'AMD RX 6800', 'vram': '16GB GDDR6'}"
P1253,Desktop Model 1253,Desktop,2702.19,High quality desktop suitable for work and entertainment.,"{'processor': 'Intel i3 11th Gen', 'ram': '8GB', 'storage': '1TB HDD', 'gpu': 'Integrated UHD'}"
P1254,Laptop Model 1254,Laptop,117033.91,High quality laptop suitable for work and entertainment.,"{'processor': 'Intel i7 13th Gen', 'ram': '32GB', 'storage': '1TB SSD', 'gpu': 'NVIDIA RTX 4070'}"
P1255,Desktop Model 1255,Desktop,44776.62,High quality desktop suitable for work and entertainment.,"{'processor': 'Intel i9 12th Gen', 'ram': '32GB', 'storage': '2TB SSD', 'gpu': 'NVIDIA RTX 4080'}"
P1256,External HDD Model 1256,External HDD,40315.47,High quality external hdd suitable for work and entertainment.,"{'capacity': '4TB', 'interface': 'USB-C'}"
P1257,Motherboard Model 1257,Motherboard,28613.05,High quality motherboard suitable for work and entertainment.,"{'chipset': 'Z690', 'socket': 'LGA1700', 'form_factor': 'Micro-ATX'}"
P1258,Laptop Model 1258,Laptop,57605.52,High quality laptop suitable for work and entertainment.,"{'processor': 'Intel i5 12th Gen', 'ram': '16GB', 'storage': '512GB SSD', 'display': '15.6 inch FHD'}"
P1259,Mouse Model 1259,Mouse,36504.17,High quality mouse suitable for work and entertainment.,"{'dpi': '8000', 'buttons': '7', 'type': 'Wireless'}"
P1260,Motherboard Model 1260,Motherboard,77973.32,High quality motherboard suitable for work and entertainment.,"{'chipset': 'X570', 'socket': 'AM4', 'form_factor': 'ATX'}"
P1261,Monitor Model 1261,Monitor,61910.12,High quality monitor suitable for work and entertainment.,"{'size': '34 inch', 'resolution': '3440x1440', 'refresh_rate': '165Hz', 'panel': 'VA'}"
P1262,Desktop Model 1262,Desktop,8379.09,High quality desktop suitable for work and entertainment.,"{'processor': 'Intel i9 12th Gen', 'ram': '32GB', 'storage': '2TB SSD', 'gpu': 'NVIDIA RTX 4080'}"
P1263,Keyboard Model 1263,Keyboard,78381.96,High quality keyboard suitable for work and entertainment.,"{'type': 'Membrane', 'backlight': 'White LED'}"
P1264,Mouse Model 1264,Mouse,6571.5,High quality mouse suitable for work and entertainment.,"{'dpi': '12000', 'buttons': '5', 'type': 'Wireless'}"
P1265,Keyboard Model 1265,Keyboard,116327.69,High quality keyboard suitable for work and entertainment.,"{'type': 'Membrane', 'backlight': 'White LED'}"
P1266,Graphics Card Model 1266,Graphics Card,61622.68,High quality graphics card suitable for work and entertainment.,"{'gpu': 'NVIDIA RTX 4070', 'vram': '12GB GDDR6X'}"
P1267,External HDD Model 1267,External HDD,95004.09,High quality external hdd suitable for work and entertainment.,"{'capacity': '2TB', 'interface': 'USB 3.2'}"
P1268,Mouse Model 1268,Mouse,88348.11,High quality mouse suitable for work and entertainment.,"{'dpi': '16000', 'buttons': '6', 'type': 'Wired'}"
P1269,Desktop Model 1269,Desktop,44725.7,High quality desktop suitable for work and entertainment.,"{'processor': 'Intel i3 11th Gen', 'ram': '8GB', 'storage': '1TB HDD', 'gpu': 'Integrated UHD'}"
P1270,Graphics Card Model 1270,Graphics Card,91254.13,High quality graphics card suitable for work and entertainment.,"{'gpu': 'AMD RX 6800', 'vram': '16GB GDDR6'}"
P1271,Mouse Model 1271,Mouse,34023.11,High quality mouse suitable for work and entertainment.,"{'dpi': '12000', 'buttons': '5', 'type': 'Wireless'}"
P1272,SSD Model 1272,SSD,6903.93,High quality ssd suitable for work and entertainment.,"{'capacity': '1TB', 'interface': 'SATA'}"
P1273,Keyboard Model 1273,Keyboard,5442.34,High quality keyboard suitable for work and entertainment.,"{'type': 'Mechanical', 'switch': 'Blue', 'backlight': 'RGB'}"
P1274,Laptop Model 1274,Laptop,94413.11,High quality laptop suitable for work and entertainment.,"{'processor': 'AMD Ryzen 7 5800H', 'ram': '16GB', 'storage': '1TB SSD', 'gpu': 'NVIDIA RTX 3060'}"
P1275,Keyboard Model 1275,Keyboard,51382.72,High quality keyboard suitable for work and entertainment.,"{'type': 'Membrane', 'backlight': 'White LED'}"
P1276,Laptop Model 1276,Laptop,7777.17,High quality laptop suitable for work and entertainment.,"{'processor': 'Intel i7 13th Gen', 'ram': '32GB', 'storage': '1TB SSD', 'gpu': 'NVIDIA RTX 4070'}"
P1277,Mouse Model 1277,Mouse,58352.35,High quality mouse suitable for work and entertainment.,"{'dpi': '12000', 'buttons': '5', 'type': 'Wireless'}"
P1278,Keyboard Model 1278,Keyboard,35113.69,High quality keyboard suitable for work and entertainment.,"{'type': 'Mechanical', 'switch': 'Red', 'backlight': 'RGB'}"
P1279,Mouse Model 1279,Mouse,105942.39,High quality mouse suitable for work and entertainment.,"{'dpi': '16000', 'buttons': '6', 'type': 'Wired'}"
P1280,SSD Model 1280,SSD,88477.71,High quality ssd suitable for work and entertainment.,"{'capacity': '2TB', 'interface': 'NVMe'}"
P1281,Graphics Card Model 1281,Graphics Card,79556.91,High quality graphics card suitable for work and entertainment.,"{'gpu': 'NVIDIA RTX 4070', 'vram': '12GB GDDR6X'}"
P1282,Mouse Model 1282,Mouse,91293.73,High quality mouse suitable for work and entertainment.,"{'dpi': '8000', 'buttons': '7', 'type': 'Wireless'}"
P1283,Laptop Model 1283,Laptop,117917.21,High quality laptop suitable for work and entertainment.,"{'processor': 'Intel i5 12th Gen', 'ram': '16GB', 'storage': '512GB SSD', 'display': '15.6 inch FHD'}"
P1284,Keyboard Model 1284,Keyboard,34698.06,High quality keyboard suitable for work and entertainment.,"{'type': 'Membrane', 'backlight': 'White LED'}"
P1285,Monitor Model 1285,Monitor,11004.77,High quality monitor suitable for work and entertainment.,"{'size': '34 inch', 'resolution': '3440x1440', 'refresh_rate': '165Hz', 'panel': 'VA'}"
P1286,Desktop Model 1286,Desktop,86090.17,High quality desktop suitable for work and entertainment.,"{'processor': 'Intel i9 12th Gen', 'ram': '32GB', 'storage': '2TB SSD', 'gpu': 'NVIDIA RTX 4080'}"
P1287,Monitor Model 1287,Monitor,65967.82,High quality monitor suitable for work and entertainment.,"{'size': '24 inch', 'resolution': '1920x1080', 'refresh_rate': '75Hz', 'panel': 'IPS'}"
P1288,SSD Model 1288,SSD,51135.69,High quality ssd suitable for work and entertainment.,"{'capacity': '500GB', 'interface': 'NVMe'}"
P1289,External HDD Model 1289,External HDD,29209.01,High quality external hdd suitable for work and entertainment.,"{'capacity': '1TB', 'interface': 'USB 3.0'}"
P1290,Mouse Model 1290,Mouse,88091.22,High quality mouse suitable for work and entertainment.,"{'dpi': '16000', 'buttons': '6', 'type': 'Wired'}"
P1291,Keyboard Model 1291,Keyboard,114765.26,High quality keyboard suitable for work and entertainment.,"{'type': 'Mechanical', 'switch': 'Blue', 'backlight': 'RGB'}"
P1292,Monitor Model 1292,Monitor,72649.41,High quality monitor suitable for work and entertainment.,"{'size': '24 inch', 'resolution': '1920x1080', 'refresh_rate': '75Hz', 'panel': 'IPS'}"
P1293,Laptop Model 1293,Laptop,66808.72,High quality laptop suitable for work and entertainment.,"{'processor': 'AMD Ryzen 7 5800H', 'ram': '16GB', 'storage': '1TB SSD', 'gpu': 'NVIDIA RTX 3060'}"
P1294,SSD Model 1294,SSD,72500.36,High quality ssd suitable for work and entertainment.,"{'capacity': '500GB', 'interface': 'NVMe'}"
P1295,Headset Model 1295,Headset,20737.07,High quality headset suitable for work and entertainment.,"{'type': 'Over-ear', 'mic': 'Yes', 'connectivity': 'Wireless', 'surround': 'Stereo'}"
P1296,Mouse Model 1296,Mouse,78776.05,High quality mouse suitable for work and entertainment.,"{'dpi': '16000', 'buttons': '6', 'type': 'Wired'}"
P1297,Monitor Model 1297,Monitor,68679.39,High quality monitor suitable for work and entertainment.,"{'size': '27 inch', 'resolution': '2560x1440', 'refresh_rate': '144Hz', 'panel': 'IPS'}"
P1298,Motherboard Model 1298,Motherboard,91327.64,High quality motherboard suitable for work and entertainment.,"{'chipset': 'B550', 'socket': 'AM4', 'form_factor': 'ATX'}"
P1299,Monitor Model 1299,Monitor,34097.76,High quality monitor suitable for work and entertainment.,"{'size': '27 inch', 'resolution': '2560x1440', 'refresh_rate': '144Hz', 'panel': 'IPS'}"
P1300,Desktop Model 1300,Desktop,61096.01,High quality desktop suitable for work and entertainment.,"{'processor': 'Intel i3 11th Gen', 'ram': '8GB', 'storage': '1TB HDD', 'gpu': 'Integrated UHD'}"
